ln,dob,gn,fn,concat,hash
GRIFFIN JR,07-05-1937,M,DARL,07-05-1937MDARLGRIFFIN JR,b'ADaHZJLqSAKFdPRFPsuybg=='
SHAILEE ,09-02-1945,F,PATEL,09-02-1945FPATELSHAILEE ,b'lWhlv8HXvuAGdlVBCEDAKQ=='
LARSON JR,09-06-1939,M,HAROLD,09-06-1939MHAROLDLARSON JR,b'PMxfVDvUPlKXwlXje9f+Tg=='
DEEPIKA ,25-10-1953,F,PADUKON,25-10-1953FPADUKONDEEPIKA ,b'K7lR+f6N3S4fCcd2hERxHA=='
LIND JR,20-01-1946,M,JOHN,20-01-1946MJOHNLIND JR,b'jDTrZWkqUueGy3XUJcRZdA=='
FUNARO J,06-12-1937,F,HARRIET,06-12-1937FHARRIETFUNARO J,b'gphizXAhSP7nZ+MlawA/GA=='
DHONI ,07-10-1937,M,SINGH ,07-10-1937MSINGH DHONI ,b'UTgYOVM6q/vAUu7GPcvHfA=='
ROTHMEYER JR,01-03-1968,F,WILLIAM,01-03-1968FWILLIAMROTHMEYER JR,b'5pksX5+lgv0GB35eNhpaYQ=='
SMITH JR,01-03-1968,F,WILLIAM,01-03-1968FWILLIAMSMITH JR,b'6ooGhLMJb3lvX1et0d6Hvg=='
HOUGHTON JR,07-10-1937,M,HAROLD,07-10-1937MHAROLDHOUGHTON JR,b'KMT+RptJwUSdyo4YQCSuJg=='
CHAVAS JR,07-10-1937,M,HAROLD,07-10-1937MHAROLDCHAVAS JR,b'xqT1LQKoofbt27qR4SaMjA=='
BLAND JR,08-06-1954,F,WILLIAM,08-06-1954FWILLIAMBLAND JR,b'0ijvqzjK9gVYGX1t5pBREA=='
GRIFFIN JR,07-05-1937,M,CLIFFORD,07-05-1937MCLIFFORDGRIFFIN JR,b'4pDJJt6VP+5V1RMovJ9QUA=='
MICHAELSON JR,09-06-1939,M,JACK,09-06-1939MJACKMICHAELSON JR,b'w/gvA1zYX4l+nuL7FpfjTA=='
MICHAELSON JR,09-04-1947,M,ROY,09-04-1947MROYMICHAELSON JR,b'Zg30yJxpQ0IuqqO+JAzgow=='
PRERNA ,07-10-1937,F,BHENDARKAR,07-10-1937FBHENDARKARPRERNA ,b'ak4hgZwWUxi9sJKBh5OQ4g=='
MICHAELSON JR,07-10-1937,M,HAROLD,07-10-1937MHAROLDMICHAELSON JR,b'Jd4Y4Ix2J7idqkv6zMaDOQ=='
HANNA,24-11-1934,M,ADDISON,24-11-1934MADDISONHANNA,b'KHic1kxVF0W7hThSJf2/KA=='
RUSHI ,10-05-1945,M,PANCHAL,10-05-1945MPANCHALRUSHI ,b'hRrjrm1s+AjG4iXSPRNRWA=='
CLARK,09-02-1945,M,DONALD,09-02-1945MDONALDCLARK,b'BNsSFJkXDkM4YbLkvq19Kw=='
DHONI ,06-01-1937,M,YADAV,06-01-1937MYADAVDHONI ,b'iQfBzjlMpSvkegFSfWTUTg=='
MICHAELSON JR,16-12-1944,M,JOHN,16-12-1944MJOHNMICHAELSON JR,b'GqSrdsEkKv9uqHO3oYM7GQ=='
HOUGHTON JR,31-01-1946,M,LAWRENCE,31-01-1946MLAWRENCEHOUGHTON JR,b'7p3u+F+b5j6iq4z83rGMvQ=='
DHONI ,16-04-1937,M,GUPTA,16-04-1937MGUPTADHONI ,b'aklIFIJ7VBErR0QskfZmXg=='
BLAND JR,21-02-1962,F,WILLIAM,21-02-1962FWILLIAMBLAND JR,b'4WQxXpqHsQef+oVp88YmEQ=='
MELVIN JR,07-10-1937,M,HAROLD,07-10-1937MHAROLDMELVIN JR,b'sVz+K3QGYtBMEiOIKJMK7Q=='
SMITH JR,07-10-1937,M,HAROLD,07-10-1937MHAROLDSMITH JR,b'o1ZnFe792InBFdkJmdnKkA=='
MICHAELSON JR,24-06-1939,M,JAMES,24-06-1939MJAMESMICHAELSON JR,b'e8IY+aC6BgvXo8c0T8wT8w=='
PRIYANKA ,25-10-1953,F,GAMBHIR,25-10-1953FGAMBHIRPRIYANKA ,b'sbilANN6XpBpU1AcAvIW+g=='
PRIYANKA ,01-03-1968,F,CHOPRA ,01-03-1968FCHOPRA PRIYANKA ,b'h5E0gj3kv+u79DXyw3Ttnw=='
SHUSHANT ,17-06-1948,M,RAJPUT ,17-06-1948MRAJPUT SHUSHANT ,b'3ApcKwxWkEMtq0snDdBfVg=='
HANNA,24-11-1934,M,ADDISON JOHN,24-11-1934MADDISON JOHNHANNA,b'QRUhpCAE5vtU2Jv8xim30g=='
CLARK JR,16-12-1944,M,JOHN,16-12-1944MJOHNCLARK JR,b'zcS/lfDoM7Lf3pV8vkofcw=='
BLAND JR,21-02-1962,F,BILL,21-02-1962FBILLBLAND JR,b'ZYaNELI/NJydwZK0f/EZ4g=='
SHAILEE ,19-02-1962,F,SINGH ,19-02-1962FSINGH SHAILEE ,b'u3jLIBnDRSgKWk+Y+pqCqQ=='
MICHAELSON JR,24-06-1939,M,JOHN,24-06-1939MJOHNMICHAELSON JR,b'hCJBVuqv0kqbMXFAM8PhOg=='
MICHAELSON JR,24-06-1939,M,JACK,24-06-1939MJACKMICHAELSON JR,b'PH/xzNCiG2eBuiSKzCiXxQ=='
RUSHI ,10-05-1945,M,PATEL,10-05-1945MPATELRUSHI ,b'+aiXpdDiVMTjCPhF+9TZVg=='
FUNARO JONES,06-12-1937,F,HARRIET,06-12-1937FHARRIETFUNARO JONES,b'rlUtPuc6cro5yz7hZolHZQ=='
MICHAELSON,25-10-1953,M,ROY,25-10-1953MROYMICHAELSON,b'bQodQZhERAYSJ+TZeOJffQ=='
LIND JR,31-01-1946,M,LAWRENCE,31-01-1946MLAWRENCELIND JR,b'jJIHEFeN6N2WegyVczisSQ=='
GALETICH JR,15-10-1932,M,ADDISON,15-10-1932MADDISONGALETICH JR,b'tMbfyUggp0pV2H/M/9ApsA=='
GRIFFIN JR,07-10-1937,M,DARH,07-10-1937MDARHGRIFFIN JR,b'WOLT3OBqOQX1SBi1+C36eQ=='
REAH,21-02-1962,F,CHAKRABORTY,21-02-1962FCHAKRABORTYREAH,b'/wZitQK+VSAv4+N9k13w1A=='
MUSTAPHA JR,11-03-1947,M,OWEN,11-03-1947MOWENMUSTAPHA JR,b'zPR5JOvolENe3luCoMofJQ=='
BLAND JR,25-10-1953,F,WILLIAM,25-10-1953FWILLIAMBLAND JR,b'GbnFipzANAb/nCFFYTOlqg=='
SIDDHARTH ,16-12-1944,M,CHATERJEE,16-12-1944MCHATERJEESIDDHARTH ,b'uJ+Hm3Yo7YJeWGWXyKKViQ=='
SHAFFER JR,21-02-1962,F,WILLIAM,21-02-1962FWILLIAMSHAFFER JR,b'oOAw4CCeicdXfPByRsARwQ=='
SHUSHANT ,15-06-1948,M,SINGH ,15-06-1948MSINGH SHUSHANT ,b'8zmSlFGPPz2IoYVwluVLew=='
FUNARO,06-12-1937,F,HARRIET,06-12-1937FHARRIETFUNARO,b'giRnldzdXP67doK0L0xInA=='
RAJ,02-09-1968,M,SANGANI,02-09-1968MSANGANIRAJ,b'0YNNr7GgmBwoQx9fFK4SwA=='
MICHAELSON JR,24-04-1940,M,JOHN,24-04-1940MJOHNMICHAELSON JR,b'+XD0wHrAN+uukBnqpZCOTQ=='
ANSHUL,25-10-1953,M,SINGH ,25-10-1953MSINGH ANSHUL,b'fLOehst7vL2Y/965J+XcBg=='
MICHAELSON JR,17-06-1948,M,ROY,17-06-1948MROYMICHAELSON JR,b'qltkeEl8UwCBnQJoQRZO9g=='
FAGEN JR,07-10-1937,M,HAROLD,07-10-1937MHAROLDFAGEN JR,b'm08d5waFxTtkL8KAQ0eW/A=='
LIND JR,31-01-1946,M,KENNETH,31-01-1946MKENNETHLIND JR,b'QomFApOJafshh41sauV2sg=='
SIDDHARTH ,26-10-1945,M,KUMAR,26-10-1945MKUMARSIDDHARTH ,b'PxSZ36rUrJfjxC2/f4wrUg=='
MUSTAPHA JR,07-10-1937,M,HAROLD,07-10-1937MHAROLDMUSTAPHA JR,b'LkEd7iCmotRDqEgicfWJNQ=='
DEEP,07-05-1937,M,PATEL,07-05-1937MPATELDEEP,b'nppDhNFk/ZyNTXfHZSovDw=='
HANNA,24-11-1934,M,ADDISON J,24-11-1934MADDISON JHANNA,b'8FY5RB7drwr9IAjXSwmOvA=='
SHUSHANT ,17-06-1948,M,RAJPUT,17-06-1948MRAJPUTSHUSHANT ,b'B5oUCI01Xl3m8X4AMmRIvw=='
MANISH,24-06-1939,M,PANDEY,24-06-1939MPANDEYMANISH,b'R0HaAjwxVe3155thGmJfoA=='
REAH,22-03-1962,F,CHATERJEE,22-03-1962FCHATERJEEREAH,b'z7lvDuee31AmXnn8r4seyg=='
VIDYA,19-02-1962,F,AGATE ,19-02-1962FAGATE VIDYA,b'6Y99XZZXS3VNkk5FNhdqZg=='
CARLSON JR,25-10-1953,F,ROY,25-10-1953FROYCARLSON JR,b'VLveCRguGhCTMFtYWozajg=='
MUSTAPHA JR,11-03-1947,M,OWAN,11-03-1947MOWANMUSTAPHA JR,b'ZgNZBkuGogbNtitnjIaWzg=='
SHAILEE ,09-02-1945,F,PATEL ,09-02-1945FPATEL SHAILEE ,b'61kCA1Nie4xze9JC42Zr8w=='
DEEP,24-06-1939,M,DETROJA,24-06-1939MDETROJADEEP,b'FVF8IE86EtB2KkWm4u0kdw=='
DUNCAN JR,25-10-1953,F,ROY,25-10-1953FROYDUNCAN JR,b'hyD0oYdSgQf1KyQ+dIXzpQ=='
MICHAELSON JR,25-10-1953,M,ROY,25-10-1953MROYMICHAELSON JR,b'4d/BI70lPS1RCgDCcPZoMw=='
SHAFFER JR,25-10-1953,F,WILLIAM,25-10-1953FWILLIAMSHAFFER JR,b'F8z5pgr6L8Ue4TcLDDLPAQ=='
MANISH ,11-03-1947,M,CHOPRA ,11-03-1947MCHOPRA MANISH ,b'MV3g2AbrG76QNoc+qskjww=='
CLARK,09-02-1945,M,RONALD,09-02-1945MRONALDCLARK,b'ca4ZKZNQL1jbfoVuy1PF7Q=='
RAJ,03-05-1964,M,PATEL,03-05-1964MPATELRAJ,b'gBpmB6Ddyj2JdA/YxC2nWw=='
MICHAELSON JR,09-04-1947,M,ROBERT,09-04-1947MROBERTMICHAELSON JR,b'kKxuEopiaz8VHKetYhhk4Q=='
CARLSON JR,25-10-1953,F,RON,25-10-1953FRONCARLSON JR,b'CFA60ZL69/OkXQkm8dBCog=='
DEEPIKA ,15-09-1955,F,AJIT,15-09-1955FAJITDEEPIKA ,b'tAAGxPw6a7Sd21MFIJ9N1w=='
VIDYA,15-05-1963,F,BALAN,15-05-1963FBALANVIDYA,b'bb71Z4SFbvb7YYbBdqy+aA=='
CLARK,09-06-1945,M,JOHN,09-06-1945MJOHNCLARK,b'79nfQkKI+MUFaAtmRzCkIg=='
CLARK,16-12-1944,M,JOHN,16-12-1944MJOHNCLARK,b'OauBrh1FdPQMEv6n3wv2Kw=='
MICHAELSON JR,09-04-1947,M,BOB,09-04-1947MBOBMICHAELSON JR,b'1I2nOOrNhrEtxiEAfBPArA=='
MANISH ,11-03-1947,M,CHOPRA,11-03-1947MCHOPRAMANISH ,b'YcoXvLwfecQbTInXSOMeVA=='
VIDYA,09-10-1962,F,KHAN,09-10-1962FKHANVIDYA,b'CRhmel35/FCun3Dmy6iumQ=='
SALTER JR,01-03-1968,F,WILLIAM,01-03-1968FWILLIAMSALTER JR,b'voMlZ1YMCW9iIoTbdexiDw=='
MANISH,07-10-1937,M,PATEL,07-10-1937MPATELMANISH,b'Yj1UOY5Znm+fy5kplFGHkw=='
DUNCAN JR,25-10-1953,F,THOMAS,25-10-1953FTHOMASDUNCAN JR,b'IWPWrnvsNKPogHPIPRsdXg=='
CAIN JR,20-01-1946,M,JOHN,20-01-1946MJOHNCAIN JR,b'1SKkRtWjv/nM/JgUHz6UlA=='
PRIYANKA ,02-09-1968,F,SHARMA,02-09-1968FSHARMAPRIYANKA ,b'3MYTZbj63WGKzme4nhajoA=='
BLAND,21-02-1962,F,WILLIAM,21-02-1962FWILLIAMBLAND,b'yNF/iTxUfynEC6rF8UyOPw=='
VIDYA,08-02-1962,F,OBEROI,08-02-1962FOBEROIVIDYA,b'aDThaGOJiurnTtKybj2Vhg=='
ASBY JR,01-03-1968,F,WILLIAM,01-03-1968FWILLIAMASBY JR,b'VXVeitW6enqrmacptJekNA=='
MICHAELSON JR,01-05-1951,M,ROY,01-05-1951MROYMICHAELSON JR,b'14mH3kpCROInhbHbxlAVhw=='
ANSHUL,20-10-1953,F,SHARMA,20-10-1953FSHARMAANSHUL,b'ilQa7fa7/DgnJ3i/G1uo1A=='
FAGEN JR,07-10-1937,M,GEORGE,07-10-1937MGEORGEFAGEN JR,b'ptvPG3D0MGpoIDx671s+jQ=='
GRIFFIN JR,07-05-1937,M,CLARENCE,07-05-1937MCLARENCEGRIFFIN JR,b'72lksGF/qW0wTYHm7h/a+Q=='
PRERNA ,17-11-1945,F,CHOPRA ,17-11-1945FCHOPRA PRERNA ,b'0HtgTfya/CpHnXmhp2kEeg=='
DEEPIKA ,10-12-1960,F,DAS,10-12-1960FDASDEEPIKA ,b'tGrU9kBjkSmDjWfNWn7v0Q=='
GRIFFIN JR,10-07-1937,M,DARL,10-07-1937MDARLGRIFFIN JR,b'IMALmkqtvKIMgZ6Nf4lNuQ=='
RAJ,10-05-1945,M,SHARMA,10-05-1945MSHARMARAJ,b'tXMD622WenXznG2Pkjf13Q=='
SALTER JR,01-03-1968,F,WILLIAM,01-03-1968FWILLIAMSALTER JR,b'voMlZ1YMCW9iIoTbdexiDw=='
MELVIN JR,07-10-1937,M,HAROLD,07-10-1937MHAROLDMELVIN JR,b'sVz+K3QGYtBMEiOIKJMK7Q=='
BLAND III,21-02-1962,F,WILLIAM,21-02-1962FWILLIAMBLAND III,b'jazU8UoLH1tGMyuJ4eiGRg=='
