ln,dob,gn,fn,concat,hash
GRIFFIN JR,1937-07-05,M,DARL,1937-07-05MDARLGRIFFIN JR,b'EQynjeNAdMSOAU36BUwvPA=='
SHAILEE ,1945-09-02,F,PATEL,1945-09-02FPATELSHAILEE ,b'LNcw29ntnSEibJHUbg204g=='
LARSON JR,1939-09-06,M,HAROLD,1939-09-06MHAROLDLARSON JR,b'Z2LoJV0dBqXm2eTH4WMsaQ=='
DEEPIKA ,1953-10-25,F,PADUKON,1953-10-25FPADUKONDEEPIKA ,b'0/NYy6DojfiDzFZQa121Qg=='
LIND JR,1946-01-20,M,JOHN,1946-01-20MJOHNLIND JR,b'OGok+EeZ6LndZ52lT0nQBw=='
FUNARO J,1937-06-12,F,HARRIET,1937-06-12FHARRIETFUNARO J,b'7+lh6C49I1dsBmwDphdaUA=='
DHONI ,1937-07-10,M,SINGH ,1937-07-10MSINGH DHONI ,b'lt5zw3jczBHYzWaO6Rr2AA=='
ROTHMEYER JR,1968-01-03,F,WILLIAM,1968-01-03FWILLIAMROTHMEYER JR,b'N2hmeSlSkC0bi/kbID2YdA=='
SMITH JR,1968-01-03,F,WILLIAM,1968-01-03FWILLIAMSMITH JR,b'wKkNy25BkUeZf06o2jJ6zw=='
HOUGHTON JR,1937-07-10,M,HAROLD,1937-07-10MHAROLDHOUGHTON JR,b'CgOxwxAYuM85ubyV1fnVTQ=='
CHAVAS JR,1937-07-10,M,HAROLD,1937-07-10MHAROLDCHAVAS JR,b'YxSAnDV+SHWQuPvR6Vse0g=='
BLAND JR,1954-08-06,F,WILLIAM,1954-08-06FWILLIAMBLAND JR,b'ESejGtYOTjRhHpZE4yw2JQ=='
GRIFFIN JR,1937-07-05,M,CLIFFORD,1937-07-05MCLIFFORDGRIFFIN JR,b'dhILlqUZtfcdytZ8p04ZfA=='
MICHAELSON JR,1939-09-06,M,JACK,1939-09-06MJACKMICHAELSON JR,b'UCQyc9BL0ECKDRLZa+uhag=='
MICHAELSON JR,1947-09-04,M,ROY,1947-09-04MROYMICHAELSON JR,b'JOq2Yw/cY8LOrp5cJsloZw=='
PRERNA ,1937-07-10,F,BHENDARKAR,1937-07-10FBHENDARKARPRERNA ,b'f0IxWQjtGKG3MXyyGn4jSw=='
MICHAELSON JR,1937-07-10,M,HAROLD,1937-07-10MHAROLDMICHAELSON JR,b'ii99rliinFTHulqZdPF5FA=='
HANNA,1934-11-24,M,ADDISON,1934-11-24MADDISONHANNA,b'u137xn+wZaTLaTTsTK6NZA=='
RUSHI ,1945-10-05,M,PANCHAL,1945-10-05MPANCHALRUSHI ,b'fPPqXznl5VIFsDchA8wUNQ=='
CLARK,1945-09-02,M,DONALD,1945-09-02MDONALDCLARK,b'FeJ75DDcskDk+VJibiSM8A=='
DHONI ,1937-06-01,M,YADAV,1937-06-01MYADAVDHONI ,b'LAF9P9pyXSGYASyAR/jUkA=='
MICHAELSON JR,1944-12-16,M,JOHN,1944-12-16MJOHNMICHAELSON JR,b'gtskx5DbkPOnVWm4T2n5fw=='
HOUGHTON JR,1946-01-31,M,LAWRENCE,1946-01-31MLAWRENCEHOUGHTON JR,b'7G5FFW510M/y8x4r8Tvbrw=='
DHONI ,1937-04-16,M,GUPTA,1937-04-16MGUPTADHONI ,b'GdgXRZcQejQHquRLavLnOQ=='
BLAND JR,1962-02-21,F,WILLIAM,1962-02-21FWILLIAMBLAND JR,b'gdGLIboWHNapo46xNKA7EA=='
MELVIN JR,1937-07-10,M,HAROLD,1937-07-10MHAROLDMELVIN JR,b'YEBnvjKGoB5D/Tt584W95Q=='
SMITH JR,1937-07-10,M,HAROLD,1937-07-10MHAROLDSMITH JR,b'jsMPD+uPoZ0M/eDMR7PuKA=='
MICHAELSON JR,1939-06-24,M,JAMES,1939-06-24MJAMESMICHAELSON JR,b'3i2RtnYHsvzV3dbbfwcoag=='
PRIYANKA ,1953-10-25,F,GAMBHIR,1953-10-25FGAMBHIRPRIYANKA ,b'xTfglAtlzYeHvFumNFp/JQ=='
PRIYANKA ,1968-01-03,F,CHOPRA ,1968-01-03FCHOPRA PRIYANKA ,b'a3T7M9pG1XgPcQnkE+Vn5A=='
SHUSHANT ,1948-06-17,M,RAJPUT ,1948-06-17MRAJPUT SHUSHANT ,b'u+hIYWx381B04FUX2zTPAA=='
HANNA,1934-11-24,M,ADDISON JOHN,1934-11-24MADDISON JOHNHANNA,b'hb5i9ncgzy5eJlhl+qLRZA=='
CLARK JR,1944-12-16,M,JOHN,1944-12-16MJOHNCLARK JR,b'ZlGACn2vfpZbwk8i7oO8Zw=='
BLAND JR,1962-02-21,F,BILL,1962-02-21FBILLBLAND JR,b'pQf0T22zXX76fYM0LCLMVg=='
SHAILEE ,1962-02-19,F,SINGH ,1962-02-19FSINGH SHAILEE ,b'qYMuK8Z2tfeoeV/O5YenJA=='
MICHAELSON JR,1939-06-24,M,JOHN,1939-06-24MJOHNMICHAELSON JR,b'XmWpzGPiZiAbkGiq4hWqpw=='
MICHAELSON JR,1939-06-24,M,JACK,1939-06-24MJACKMICHAELSON JR,b'Hy0YxZnABcyZDKsMfWHr2g=='
RUSHI ,1945-10-05,M,PATEL,1945-10-05MPATELRUSHI ,b'REms3R3lmp4BHB03QpYGTg=='
FUNARO JONES,1937-06-12,F,HARRIET,1937-06-12FHARRIETFUNARO JONES,b'EhqGOs62E6FBlAguHSWufw=='
MICHAELSON,1953-10-25,M,ROY,1953-10-25MROYMICHAELSON,b'/OHjqjTpSU2agsyNxr/FPw=='
LIND JR,1946-01-31,M,LAWRENCE,1946-01-31MLAWRENCELIND JR,b'RtSE4N+dzzIKeyOIT+QuOA=='
GALETICH JR,1932-10-15,M,ADDISON,1932-10-15MADDISONGALETICH JR,b'mY5IpbTClRK5Ew1NcgbGYA=='
GRIFFIN JR,1937-07-10,M,DARH,1937-07-10MDARHGRIFFIN JR,b'JzxY1fJdxBp98FiC3qXp8A=='
REAH,1962-02-21,F,CHAKRABORTY,1962-02-21FCHAKRABORTYREAH,b'S/KgkYWolXwRDopN8DNAJQ=='
MUSTAPHA JR,1947-11-03,M,OWEN,1947-11-03MOWENMUSTAPHA JR,b'NUNmyiRt8XQp51W7DxMEmg=='
BLAND JR,1953-10-25,F,WILLIAM,1953-10-25FWILLIAMBLAND JR,b'c1k7nMXFF7nSBnMCwfU1Dg=='
SIDDHARTH ,1944-12-16,M,CHATERJEE,1944-12-16MCHATERJEESIDDHARTH ,b'/VhivK+oxNIGI3i2UibJaQ=='
SHAFFER JR,1962-02-21,F,WILLIAM,1962-02-21FWILLIAMSHAFFER JR,b'2rbqWcp4dH6VwCO+Lksq0A=='
SHUSHANT ,1948-06-15,M,SINGH ,1948-06-15MSINGH SHUSHANT ,b'Z4eLQPxHTP2tCdfabHheOg=='
FUNARO,1937-06-12,F,HARRIET,1937-06-12FHARRIETFUNARO,b'tAY+A2CR3x5fjmQRhiDxVQ=='
RAJ,1968-02-09,M,SANGANI,1968-02-09MSANGANIRAJ,b'RsbEw/QwnveTifHzMOancg=='
MICHAELSON JR,1940-04-24,M,JOHN,1940-04-24MJOHNMICHAELSON JR,b'q7cRoEypTjmZ1dcHPG1u0g=='
ANSHUL,1953-10-25,M,SINGH ,1953-10-25MSINGH ANSHUL,b'F79AYm0xzlVm1Hf5Pg+pjQ=='
MICHAELSON JR,1948-06-17,M,ROY,1948-06-17MROYMICHAELSON JR,b'Q0UcT0mmTPNVEwEzWnbj2w=='
FAGEN JR,1937-07-10,M,HAROLD,1937-07-10MHAROLDFAGEN JR,b'VPsVe9aK5094UdfGJP51xQ=='
LIND JR,1946-01-31,M,KENNETH,1946-01-31MKENNETHLIND JR,b'DqWPbE01W39mizUGAxds3A=='
SIDDHARTH ,1945-10-26,M,KUMAR,1945-10-26MKUMARSIDDHARTH ,b'HPLff/Lct9gh0tBMNJxgGw=='
MUSTAPHA JR,1937-07-10,M,HAROLD,1937-07-10MHAROLDMUSTAPHA JR,b'6JQGOv9Lh5wrqx/BOxx4GQ=='
DEEP,1937-07-05,M,PATEL,1937-07-05MPATELDEEP,b'uMyqj4bWPfQC6TsceXR8JQ=='
HANNA,1934-11-24,M,ADDISON J,1934-11-24MADDISON JHANNA,b'8DrPXcVZ8bIQbI23PBtGSw=='
MANISH,1939-06-24,M,PANDEY,1939-06-24MPANDEYMANISH,b'tkI4YyGJZPeywmQTcjIouw=='
REAH,1962-03-22,F,CHATERJEE,1962-03-22FCHATERJEEREAH,b'w+noHaYQ5/QY40xO9Hv7iA=='
VIDYA,1962-02-19,F,AGATE ,1962-02-19FAGATE VIDYA,b'bhUgcbH18yCA2ZzPCI9+Yw=='
CARLSON JR,1953-10-25,F,ROY,1953-10-25FROYCARLSON JR,b'kbP9Uqmi2CYBxhdSpgor9w=='
DEEP,1939-06-24,M,DETROJA,1939-06-24MDETROJADEEP,b'rYf7de3L7cFn8rIcIJ2JDw=='
DUNCAN JR,1953-10-25,F,ROY,1953-10-25FROYDUNCAN JR,b'YIA+5m62USb5Fm0Run3S9Q=='
MICHAELSON JR,1953-10-25,M,ROY,1953-10-25MROYMICHAELSON JR,b'dt4+0MEiyO4eKF9J+rPx4g=='
SHAFFER JR,1953-10-25,F,WILLIAM,1953-10-25FWILLIAMSHAFFER JR,b'RoWx+9XIsohsMDnMdDcEiw=='
MANISH ,1947-11-03,M,CHOPRA ,1947-11-03MCHOPRA MANISH ,b'RLtQoKYRsXrAIz2SzWSAww=='
RAJ,1964-03-05,M,PATEL,1964-03-05MPATELRAJ,b'368R85hWUeYg6nWSjquSVw=='
MICHAELSON JR,1947-09-04,M,ROBERT,1947-09-04MROBERTMICHAELSON JR,b'jIYKIGHxOAEIi8G1PqsKiQ=='
DEEPIKA ,1955-09-15,F,AJIT,1955-09-15FAJITDEEPIKA ,b'ieNZ9viZgoPCMSN/KCPMCg=='
VIDYA,1963-05-15,F,BALAN,1963-05-15FBALANVIDYA,b'gPFJuR1CEHft9G/mK5GSKg=='
CLARK,1945-09-06,M,JOHN,1945-09-06MJOHNCLARK,b'StqewbKKrtienRDJBo0/rw=='
CLARK,1944-12-16,M,JOHN,1944-12-16MJOHNCLARK,b'Ys7CBNo6gTtPXsgpauxIaQ=='
MICHAELSON JR,1947-09-04,M,BOB,1947-09-04MBOBMICHAELSON JR,b'Ecp44P5sZEn6M3fv5xok1g=='
VIDYA,1962-09-10,F,KHAN,1962-09-10FKHANVIDYA,b'DUA7m0himdcBms5jeShdKg=='
SALTER JR,1968-01-03,F,WILLIAM,1968-01-03FWILLIAMSALTER JR,b'C/nkx7UR9QEB55yKI4sRPg=='
MANISH,1937-07-10,M,PATEL,1937-07-10MPATELMANISH,b'9JRRkl28VAItdQaAVpt7zg=='
DUNCAN JR,1953-10-25,F,THOMAS,1953-10-25FTHOMASDUNCAN JR,b'SYO19a8mmPhQCfnTT5beow=='
CAIN JR,1946-01-20,M,JOHN,1946-01-20MJOHNCAIN JR,b'2l9JUnkSH4in1eQoyW5hgA=='
PRIYANKA ,1968-02-09,F,SHARMA,1968-02-09FSHARMAPRIYANKA ,b'm/phmL1SO3+2FTHgaFXkjg=='
BLAND,1962-02-21,F,WILLIAM,1962-02-21FWILLIAMBLAND,b'XhFtQh04LCumDBUz5FGfxA=='
VIDYA,1962-08-02,F,OBEROI,1962-08-02FOBEROIVIDYA,b'kvMzXa+PnltrHDifqtnpjQ=='
ASBY JR,1968-01-03,F,WILLIAM,1968-01-03FWILLIAMASBY JR,b'T2cGPhRDatV88ac5F/MfEQ=='
MICHAELSON JR,1951-01-05,M,ROY,1951-01-05MROYMICHAELSON JR,b'7rxWaCj4HCGZ3/1o71K1hg=='
ANSHUL,1953-10-20,F,SHARMA,1953-10-20FSHARMAANSHUL,b'tqmBk9VgA3Ea/uCzrbTN5w=='
FAGEN JR,1937-07-10,M,GEORGE,1937-07-10MGEORGEFAGEN JR,b'QXipOaYYXG09qE/77lYT3Q=='
GRIFFIN JR,1937-07-05,M,CLARENCE,1937-07-05MCLARENCEGRIFFIN JR,b'+yRfTEFrCk3gQNi9jK7E5A=='
PRERNA ,1945-11-17,F,CHOPRA ,1945-11-17FCHOPRA PRERNA ,b'bsmW2CluyQ7Ba5uEME6zUw=='
DEEPIKA ,1960-10-12,F,DAS,1960-10-12FDASDEEPIKA ,b'6pS6s2S5Ii4tVzLGxtu4nA=='
GRIFFIN JR,1937-10-07,M,DARL,1937-10-07MDARLGRIFFIN JR,b'OxMT5FFSNsJ1W7UYpIY1Dg=='
RAJ,1945-10-05,M,SHARMA,1945-10-05MSHARMARAJ,b'z90E3U9EewPdVklwCsaOKw=='
SALTER JR,1968-01-03,F,WILLIAM,1968-01-03FWILLIAMSALTER JR,b'C/nkx7UR9QEB55yKI4sRPg=='
MELVIN JR,1937-07-10,M,HAROLD,1937-07-10MHAROLDMELVIN JR,b'YEBnvjKGoB5D/Tt584W95Q=='
BLAND III,1962-02-21,F,WILLIAM,1962-02-21FWILLIAMBLAND III,b'LTt/hA+lZH7xu0hhuwL5og=='
